"ESTACION";"MUNICIPIO";"PARAJE";"HORAS";"FECHA";"HSOL  (h)";"RADMAX  (w/m2)";"RADMED  (w/m2)";
"CA73";"Cartagena";"Los Belones";"24";"29/11/16";"7,00";"656,20";"111,05"
"CA73";"Cartagena";"Los Belones";"24";"30/11/16";"7,00";"621,70";"72,62"
"CA73";"Cartagena";"Los Belones";"24";"01/12/16";"0,00";"106,50";"9,25"
"CA73";"Cartagena";"Los Belones";"24";"02/12/16";"8,00";"547,20";"121,86"
"CA73";"Cartagena";"Los Belones";"24";"03/12/16";"6,00";"691,10";"65,23"
"CA73";"Cartagena";"Los Belones";"24";"04/12/16";"0,00";"136,20";"14,97"
"CA73";"Cartagena";"Los Belones";"24";"05/12/16";"5,00";"502,70";"70,15"
"CA73";"Cartagena";"Los Belones";"24";"06/12/16";"6,00";"760,40";"71,12"
"CA73";"Cartagena";"Los Belones";"24";"07/12/16";"8,00";"510,20";"118,32"
"CA73";"Cartagena";"Los Belones";"24";"08/12/16";"6,00";"715,90";"85,91"
"CA73";"Cartagena";"Los Belones";"24";"09/12/16";"0,00";"91,60";"11,20"
"CA73";"Cartagena";"Los Belones";"24";"10/12/16";"6,00";"601,90";"67,05"
"CA73";"Cartagena";"Los Belones";"24";"11/12/16";"8,00";"646,30";"112,96"
"CA73";"Cartagena";"Los Belones";"24";"12/12/16";"8,00";"502,70";"116,59"
"CA73";"Cartagena";"Los Belones";"24";"13/12/16";"6,00";"691,10";"72,56"
"CA73";"Cartagena";"Los Belones";"24";"14/12/16";"8,00";"584,60";"64,40"
"CA73";"Cartagena";"Los Belones";"24";"15/12/16";"2,00";"537,70";"33,06"
"CA73";"Cartagena";"Los Belones";"24";"16/12/16";"4,00";"379,10";"35,82"
"CA73";"Cartagena";"Los Belones";"24";"17/12/16";"0,00";"37,17";"5,10"
"CA73";"Cartagena";"Los Belones";"24";"18/12/16";"0,00";"57,00";"5,46"
"CA73";"Cartagena";"Los Belones";"24";"19/12/16";"2,00";"260,20";"27,60"
"CA73";"Cartagena";"Los Belones";"24";"20/12/16";"7,00";"497,90";"112,60"
"CA73";"Cartagena";"Los Belones";"24";"21/12/16";"8,00";"492,90";"115,35"
"CA73";"Cartagena";"Los Belones";"24";"22/12/16";"8,00";"500,20";"115,72"
"CA73";"Cartagena";"Los Belones";"24";"23/12/16";"8,00";"482,90";"112,25"
"CA73";"Cartagena";"Los Belones";"24";"24/12/16";"8,00";"487,90";"113,37"
"CA73";"Cartagena";"Los Belones";"24";"25/12/16";"8,00";"507,70";"115,97"
"CA73";"Cartagena";"Los Belones";"24";"26/12/16";"8,00";"502,70";"117,23"
"CA73";"Cartagena";"Los Belones";"24";"27/12/16";"6,00";"562,30";"60,51"
"CA73";"Cartagena";"Los Belones";"24";"28/12/16";"1,00";"468,30";"27,79"
"CA73";"Cartagena";"Los Belones";"24";"29/12/16";"8,00";"527,40";"116,57"
"CA73";"Cartagena";"Los Belones";"24";"30/12/16";"4,00";"304,70";"43,12"
"CA73";"Cartagena";"Los Belones";"24";"31/12/16";"6,00";"676,40";"79,01"
"CA73";"Cartagena";"Los Belones";"24";"01/01/17";"8,00";"686,10";"106,38"
"CA73";"Cartagena";"Los Belones";"24";"02/01/17";"8,00";"532,60";"104,53"
"CA73";"Cartagena";"Los Belones";"24";"03/01/17";"7,00";"577,10";"114,44"
"CA73";"Cartagena";"Los Belones";"24";"04/01/17";"8,00";"502,70";"117,81"
"CA73";"Cartagena";"Los Belones";"24";"05/01/17";"8,00";"517,60";"123,37"
"CA73";"Cartagena";"Los Belones";"24";"06/01/17";"4,00";"626,70";"48,53"
"CA73";"Cartagena";"Los Belones";"24";"07/01/17";"8,00";"611,80";"123,59"
"CA73";"Cartagena";"Los Belones";"24";"08/01/17";"8,00";"557,30";"122,42"
"CA73";"Cartagena";"Los Belones";"24";"09/01/17";"8,00";"517,90";"106,48"
"CA73";"Cartagena";"Los Belones";"24";"10/01/17";"3,00";"317,10";"35,65"
"CA73";"Cartagena";"Los Belones";"24";"11/01/17";"8,00";"715,80";"130,50"
"CA73";"Cartagena";"Los Belones";"24";"12/01/17";"8,00";"532,60";"123,05"
"CA73";"Cartagena";"Los Belones";"24";"13/01/17";"8,00";"534,90";"128,86"
"CA73";"Cartagena";"Los Belones";"24";"14/01/17";"8,00";"552,50";"129,76"
"CA73";"Cartagena";"Los Belones";"24";"15/01/17";"8,00";"552,40";"134,63"
"CA73";"Cartagena";"Los Belones";"24";"16/01/17";"8,00";"552,30";"134,20"
"CA73";"Cartagena";"Los Belones";"24";"17/01/17";"5,00";"825,00";"57,36"
"CA73";"Cartagena";"Los Belones";"24";"18/01/17";"1,00";"518,30";"22,65"
"CA73";"Cartagena";"Los Belones";"24";"19/01/17";"1,00";"285,10";"19,31"
"CA73";"Cartagena";"Los Belones";"24";"20/01/17";"7,00";"860,00";"106,61"
"CA73";"Cartagena";"Los Belones";"24";"21/01/17";"1,00";"334,60";"24,66"
"CA73";"Cartagena";"Los Belones";"24";"22/01/17";"7,00";"720,80";"88,79"
"CA73";"Cartagena";"Los Belones";"24";"23/01/17";"7,00";"760,60";"125,63"
"CA73";"Cartagena";"Los Belones";"24";"24/01/17";"8,00";"725,90";"111,00"
"CA73";"Cartagena";"Los Belones";"24";"25/01/17";"8,00";"611,80";"139,57"
"CA73";"Cartagena";"Los Belones";"24";"26/01/17";"7,00";"765,40";"92,30"
"CA73";"Cartagena";"Los Belones";"24";"27/01/17";"6,00";"661,40";"65,00"
"CA73";"Cartagena";"Los Belones";"24";"28/01/17";"8,00";"606,90";"152,04"
"CA73";"Cartagena";"Los Belones";"24";"29/01/17";"7,00";"421,10";"83,36"
"CA73";"Cartagena";"Los Belones";"24";"30/01/17";"8,00";"591,90";"149,03"
"CA73";"Cartagena";"Los Belones";"24";"31/01/17";"8,00";"646,40";"138,48"
"CA73";"Cartagena";"Los Belones";"24";"01/02/17";"8,00";"661,30";"147,71"
"CA73";"Cartagena";"Los Belones";"24";"02/02/17";"7,00";"294,90";"59,54"
"CA73";"Cartagena";"Los Belones";"24";"03/02/17";"7,00";"616,70";"103,42"
"CA73";"Cartagena";"Los Belones";"24";"04/02/17";"8,00";"661,30";"122,96"
"CA73";"Cartagena";"Los Belones";"24";"05/02/17";"8,00";"646,20";"162,84"
"CA73";"Cartagena";"Los Belones";"24";"06/02/17";"8,00";"686,10";"117,08"
"CA73";"Cartagena";"Los Belones";"24";"07/02/17";"8,00";"710,50";"158,63"
"CA73";"Cartagena";"Los Belones";"24";"08/02/17";"9,00";"673,70";"174,91"
"CA73";"Cartagena";"Los Belones";"24";"09/02/17";"8,00";"860,00";"141,12"
"CA73";"Cartagena";"Los Belones";"24";"10/02/17";"8,00";"651,50";"112,67"
"CA73";"Cartagena";"Los Belones";"24";"11/02/17";"5,00";"691,10";"88,34"
"CA73";"Cartagena";"Los Belones";"24";"12/02/17";"6,00";"805,00";"106,06"
"CA73";"Cartagena";"Los Belones";"24";"13/02/17";"8,00";"760,50";"142,03"
"CA73";"Cartagena";"Los Belones";"24";"14/02/17";"8,00";"688,30";"154,68"
"CA73";"Cartagena";"Los Belones";"24";"15/02/17";"8,00";"1.013,00";"100,46"
"CA73";"Cartagena";"Los Belones";"24";"16/02/17";"9,00";"963,00";"154,91"
"CA73";"Cartagena";"Los Belones";"24";"17/02/17";"8,00";"855,00";"137,62"
"CA73";"Cartagena";"Los Belones";"24";"18/02/17";"9,00";"715,90";"153,54"
"CA73";"Cartagena";"Los Belones";"24";"19/02/17";"8,00";"904,00";"96,28"
"CA73";"Cartagena";"Los Belones";"24";"20/02/17";"5,00";"681,40";"62,37"
"CA73";"Cartagena";"Los Belones";"24";"21/02/17";"9,00";"755,50";"102,25"
"CA73";"Cartagena";"Los Belones";"24";"22/02/17";"8,00";"473,10";"100,40"
"CA73";"Cartagena";"Los Belones";"24";"23/02/17";"8,00";"646,40";"132,07"
"CA73";"Cartagena";"Los Belones";"24";"24/02/17";"8,00";"683,50";"93,79"
"CA73";"Cartagena";"Los Belones";"24";"25/02/17";"9,00";"874,00";"165,33"
"CA73";"Cartagena";"Los Belones";"24";"26/02/17";"9,00";"844,00";"152,21"
"CA73";"Cartagena";"Los Belones";"24";"27/02/17";"9,00";"720,60";"191,50"
"CA73";"Cartagena";"Los Belones";"24";"28/02/17";"10,00";"745,30";"209,49"
"CA73";"Cartagena";"Los Belones";"24";"01/03/17";"10,00";"735,30";"209,94"
"CA73";"Cartagena";"Los Belones";"24";"02/03/17";"10,00";"760,10";"213,01"
"CA73";"Cartagena";"Los Belones";"24";"03/03/17";"8,00";"850,00";"151,23"
"CA73";"Cartagena";"Los Belones";"24";"04/03/17";"4,00";"621,90";"53,95"
"CA73";"Cartagena";"Los Belones";"24";"05/03/17";"10,00";"993,00";"197,38"
"CA73";"Cartagena";"Los Belones";"24";"06/03/17";"9,00";"819,00";"172,74"
"CA73";"Cartagena";"Los Belones";"24";"07/03/17";"10,00";"782,10";"204,36"
"CA73";"Cartagena";"Los Belones";"24";"08/03/17";"10,00";"854,00";"226,85"
"CA73";"Cartagena";"Los Belones";"24";"09/03/17";"10,00";"822,00";"228,05"
"CA73";"Cartagena";"Los Belones";"24";"10/03/17";"10,00";"829,00";"240,05"
"CA73";"Cartagena";"Los Belones";"24";"11/03/17";"10,00";"812,00";"227,37"
"CA73";"Cartagena";"Los Belones";"24";"12/03/17";"10,00";"1.001,00";"185,92"
"CA73";"Cartagena";"Los Belones";"24";"13/03/17";"4,00";"701,40";"55,92"
"CA73";"Cartagena";"Los Belones";"24";"14/03/17";"4,00";"864,00";"52,84"
"CA73";"Cartagena";"Los Belones";"24";"15/03/17";"10,00";"1.112,00";"197,65"
"CA73";"Cartagena";"Los Belones";"24";"16/03/17";"9,00";"1.246,00";"178,85"
"CA73";"Cartagena";"Los Belones";"24";"17/03/17";"8,00";"864,00";"111,48"
"CA73";"Cartagena";"Los Belones";"24";"18/03/17";"10,00";"847,00";"241,30"
"CA73";"Cartagena";"Los Belones";"24";"19/03/17";"10,00";"876,00";"251,41"
"CA73";"Cartagena";"Los Belones";"24";"20/03/17";"10,00";"1.151,00";"187,13"
"CA73";"Cartagena";"Los Belones";"24";"21/03/17";"10,00";"899,00";"226,74"
"CA73";"Cartagena";"Los Belones";"24";"22/03/17";"9,00";"1.000,00";"214,60"
"CA73";"Cartagena";"Los Belones";"24";"23/03/17";"8,00";"1.201,00";"134,07"
"CA73";"Cartagena";"Los Belones";"24";"24/03/17";"9,00";"686,10";"109,64"
"CA73";"Cartagena";"Los Belones";"24";"25/03/17";"10,00";"924,00";"260,73"
"CA73";"Cartagena";"Los Belones";"24";"26/03/17";"10,00";"879,00";"252,97"
"CA73";"Cartagena";"Los Belones";"24";"27/03/17";"10,00";"978,00";"254,69"
"CA73";"Cartagena";"Los Belones";"24";"28/03/17";"10,00";"879,00";"255,46"
"CA73";"Cartagena";"Los Belones";"24";"29/03/17";"10,00";"909,00";"258,03"
"CA73";"Cartagena";"Los Belones";"24";"30/03/17";"10,00";"929,00";"262,23"
"CA73";"Cartagena";"Los Belones";"24";"31/03/17";"10,00";"894,00";"236,63"
"CA73";"Cartagena";"Los Belones";"24";"01/04/17";"9,00";"923,00";"270,79"
"CA73";"Cartagena";"Los Belones";"24";"02/04/17";"10,00";"918,00";"271,04"
"CA73";"Cartagena";"Los Belones";"24";"03/04/17";"10,00";"1.097,00";"255,48"
"CA73";"Cartagena";"Los Belones";"24";"04/04/17";"10,00";"1.042,00";"266,26"
"CA73";"Cartagena";"Los Belones";"24";"05/04/17";"10,00";"1.211,00";"229,65"
"CA73";"Cartagena";"Los Belones";"24";"06/04/17";"10,00";"1.137,00";"247,37"
"CA73";"Cartagena";"Los Belones";"24";"07/04/17";"10,00";"919,00";"273,50"
"CA73";"Cartagena";"Los Belones";"24";"08/04/17";"10,00";"1.062,00";"252,38"
"CA73";"Cartagena";"Los Belones";"24";"09/04/17";"10,00";"1.216,00";"190,60"
"CA73";"Cartagena";"Los Belones";"24";"10/04/17";"10,00";"1.181,00";"247,19"
"CA73";"Cartagena";"Los Belones";"24";"11/04/17";"11,00";"951,00";"286,31"
"CA73";"Cartagena";"Los Belones";"24";"12/04/17";"11,00";"926,00";"275,11"
"CA73";"Cartagena";"Los Belones";"24";"13/04/17";"11,00";"921,00";"273,86"
"CA73";"Cartagena";"Los Belones";"24";"14/04/17";"11,00";"1.000,00";"237,48"
"CA73";"Cartagena";"Los Belones";"24";"15/04/17";"10,00";"953,00";"253,29"
"CA73";"Cartagena";"Los Belones";"24";"16/04/17";"10,00";"1.112,00";"221,06"
"CA73";"Cartagena";"Los Belones";"24";"17/04/17";"11,00";"933,00";"282,39"
"CA73";"Cartagena";"Los Belones";"24";"18/04/17";"11,00";"933,00";"286,58"
"CA73";"Cartagena";"Los Belones";"24";"19/04/17";"10,00";"968,00";"185,87"
"CA73";"Cartagena";"Los Belones";"24";"20/04/17";"10,00";"1.223,00";"206,57"
"CA73";"Cartagena";"Los Belones";"24";"21/04/17";"10,00";"1.397,00";"241,71"
"CA73";"Cartagena";"Los Belones";"24";"22/04/17";"10,00";"1.117,00";"215,08"
"CA73";"Cartagena";"Los Belones";"24";"23/04/17";"11,00";"934,00";"292,78"
"CA73";"Cartagena";"Los Belones";"24";"24/04/17";"11,00";"946,00";"281,37"
"CA73";"Cartagena";"Los Belones";"24";"25/04/17";"10,00";"918,00";"264,86"
"CA73";"Cartagena";"Los Belones";"24";"26/04/17";"11,00";"1.107,00";"278,96"
"CA73";"Cartagena";"Los Belones";"24";"27/04/17";"4,00";"601,90";"57,98"
"CA73";"Cartagena";"Los Belones";"24";"28/04/17";"1,00";"205,70";"37,40"
"CA73";"Cartagena";"Los Belones";"24";"29/04/17";"2,00";"334,50";"45,62"
"CA73";"Cartagena";"Los Belones";"24";"30/04/17";"11,00";"1.379,00";"269,36"
"CA73";"Cartagena";"Los Belones";"24";"01/05/17";"10,00";"1.285,00";"276,30"
"CA73";"Cartagena";"Los Belones";"24";"02/05/17";"11,00";"983,00";"310,86"
"CA73";"Cartagena";"Los Belones";"24";"03/05/17";"11,00";"1.181,00";"287,51"
"CA73";"Cartagena";"Los Belones";"24";"04/05/17";"11,00";"1.307,00";"249,22"
"CA73";"Cartagena";"Los Belones";"24";"05/05/17";"10,00";"1.000,00";"136,65"
"CA73";"Cartagena";"Los Belones";"24";"06/05/17";"11,00";"1.005,00";"320,27"
"CA73";"Cartagena";"Los Belones";"24";"07/05/17";"11,00";"1.002,00";"319,31"
"CA73";"Cartagena";"Los Belones";"24";"08/05/17";"11,00";"1.007,00";"317,68"
"CA73";"Cartagena";"Los Belones";"24";"09/05/17";"11,00";"1.017,00";"303,64"
"CA73";"Cartagena";"Los Belones";"24";"10/05/17";"11,00";"1.022,00";"301,90"
"CA73";"Cartagena";"Los Belones";"24";"11/05/17";"10,00";"1.176,00";"207,17"
"CA73";"Cartagena";"Los Belones";"24";"12/05/17";"9,00";"1.481,00";"243,14"
"CA73";"Cartagena";"Los Belones";"24";"13/05/17";"11,00";"997,00";"325,80"
"CA73";"Cartagena";"Los Belones";"24";"14/05/17";"11,00";"1.000,00";"324,51"
"CA73";"Cartagena";"Los Belones";"24";"15/05/17";"11,00";"1.002,00";"322,82"
"CA73";"Cartagena";"Los Belones";"24";"16/05/17";"11,00";"1.030,00";"275,89"
"CA73";"Cartagena";"Los Belones";"24";"17/05/17";"12,00";"1.107,00";"289,33"
"CA73";"Cartagena";"Los Belones";"24";"18/05/17";"11,00";"1.032,00";"328,83"
"CA73";"Cartagena";"Los Belones";"24";"19/05/17";"11,00";"1.389,00";"294,57"
"CA73";"Cartagena";"Los Belones";"24";"20/05/17";"11,00";"1.129,00";"330,83"
"CA73";"Cartagena";"Los Belones";"24";"21/05/17";"11,00";"1.107,00";"233,98"
"CA73";"Cartagena";"Los Belones";"24";"22/05/17";"11,00";"1.057,00";"271,98"
"CA73";"Cartagena";"Los Belones";"24";"23/05/17";"12,00";"1.121,00";"317,45"
"CA73";"Cartagena";"Los Belones";"24";"24/05/17";"11,00";"985,00";"329,77"
"CA73";"Cartagena";"Los Belones";"24";"25/05/17";"11,00";"965,00";"307,13"
"CA73";"Cartagena";"Los Belones";"24";"26/05/17";"11,00";"965,00";"319,18"
"CA73";"Cartagena";"Los Belones";"24";"27/05/17";"11,00";"1.230,00";"304,92"
"CA73";"Cartagena";"Los Belones";"24";"28/05/17";"11,00";"1.010,00";"320,67"
"CA73";"Cartagena";"Los Belones";"24";"29/05/17";"12,00";"1.176,00";"243,28"
"CA73";"Cartagena";"Los Belones";"24";"30/05/17";"11,00";"978,00";"310,18"
"CA73";"Cartagena";"Los Belones";"24";"31/05/17";"11,00";"1.270,00";"272,38"
"CA73";"Cartagena";"Los Belones";"24";"01/06/17";"10,00";"1.262,00";"296,69"
"CA73";"Cartagena";"Los Belones";"24";"02/06/17";"11,00";"985,00";"316,78"
"CA73";"Cartagena";"Los Belones";"24";"03/06/17";"12,00";"1.052,00";"308,77"
"CA73";"Cartagena";"Los Belones";"24";"04/06/17";"11,00";"1.203,00";"260,27"
"CA73";"Cartagena";"Los Belones";"24";"05/06/17";"12,00";"1.121,00";"332,01"
"CA73";"Cartagena";"Los Belones";"24";"06/06/17";"11,00";"1.010,00";"341,12"
"CA73";"Cartagena";"Los Belones";"24";"07/06/17";"11,00";"1.267,00";"318,89"
"CA73";"Cartagena";"Los Belones";"24";"08/06/17";"11,00";"1.295,00";"292,56"
"CA73";"Cartagena";"Los Belones";"24";"09/06/17";"12,00";"1.119,00";"264,05"
"CA73";"Cartagena";"Los Belones";"24";"10/06/17";"12,00";"1.064,00";"280,31"
"CA73";"Cartagena";"Los Belones";"24";"11/06/17";"11,00";"1.017,00";"346,87"
"CA73";"Cartagena";"Los Belones";"24";"12/06/17";"11,00";"987,00";"337,94"
"CA73";"Cartagena";"Los Belones";"24";"13/06/17";"11,00";"975,00";"331,96"
"CA73";"Cartagena";"Los Belones";"24";"14/06/17";"11,00";"980,00";"333,54"
"CA73";"Cartagena";"Los Belones";"24";"15/06/17";"11,00";"985,00";"329,02"
"CA73";"Cartagena";"Los Belones";"24";"16/06/17";"11,00";"990,00";"335,30"
"CA73";"Cartagena";"Los Belones";"24";"17/06/17";"11,00";"982,00";"327,52"
"CA73";"Cartagena";"Los Belones";"24";"18/06/17";"11,00";"967,00";"328,42"
"CA73";"Cartagena";"Los Belones";"24";"19/06/17";"12,00";"1.146,00";"295,16"
"CA73";"Cartagena";"Los Belones";"24";"20/06/17";"11,00";"982,00";"333,64"
"CA73";"Cartagena";"Los Belones";"24";"21/06/17";"11,00";"967,00";"330,47"
"CA73";"Cartagena";"Los Belones";"24";"22/06/17";"12,00";"965,00";"325,40"
"CA73";"Cartagena";"Los Belones";"24";"23/06/17";"11,00";"965,00";"324,84"
"CA73";"Cartagena";"Los Belones";"24";"24/06/17";"12,00";"965,00";"326,74"
"CA73";"Cartagena";"Los Belones";"24";"25/06/17";"12,00";"1.210,00";"261,50"
"CA73";"Cartagena";"Los Belones";"24";"26/06/17";"12,00";"972,00";"324,19"
"CA73";"Cartagena";"Los Belones";"24";"27/06/17";"12,00";"1.139,00";"178,91"
"CA73";"Cartagena";"Los Belones";"24";"28/06/17";"11,00";"1.002,00";"343,65"
"CA73";"Cartagena";"Los Belones";"24";"29/06/17";"12,00";"992,00";"339,40"
"CA73";"Cartagena";"Los Belones";"24";"30/06/17";"11,00";"1.103,00";"340,67"
"CA73";"Cartagena";"Los Belones";"24";"01/07/17";"12,00";"1.274,00";"273,44"
"CA73";"Cartagena";"Los Belones";"24";"02/07/17";"11,00";"1.012,00";"322,37"
"CA73";"Cartagena";"Los Belones";"24";"03/07/17";"11,00";"1.022,00";"343,08"
"CA73";"Cartagena";"Los Belones";"24";"04/07/17";"12,00";"1.351,00";"306,64"
"CA73";"Cartagena";"Los Belones";"24";"05/07/17";"12,00";"1.228,00";"276,60"
"CA73";"Cartagena";"Los Belones";"24";"06/07/17";"11,00";"1.188,00";"178,70"
"CA73";"Cartagena";"Los Belones";"24";"07/07/17";"8,00";"1.079,00";"166,70"
"CA73";"Cartagena";"Los Belones";"24";"08/07/17";"11,00";"997,00";"334,60"
"CA73";"Cartagena";"Los Belones";"24";"09/07/17";"11,00";"977,00";"329,60"
"CA73";"Cartagena";"Los Belones";"24";"10/07/17";"11,00";"975,00";"327,49"
"CA73";"Cartagena";"Los Belones";"24";"11/07/17";"12,00";"955,00";"310,19"
"CA73";"Cartagena";"Los Belones";"24";"12/07/17";"11,00";"948,00";"314,27"
"CA73";"Cartagena";"Los Belones";"24";"13/07/17";"10,00";"1.109,00";"277,73"
"CA73";"Cartagena";"Los Belones";"24";"14/07/17";"11,00";"1.200,00";"250,14"
"CA73";"Cartagena";"Los Belones";"24";"15/07/17";"12,00";"1.188,00";"264,70"
"CA73";"Cartagena";"Los Belones";"24";"16/07/17";"11,00";"967,00";"319,64"
"CA73";"Cartagena";"Los Belones";"24";"17/07/17";"11,00";"977,00";"305,50"
"CA73";"Cartagena";"Los Belones";"24";"18/07/17";"10,00";"1.116,00";"278,55"
"CA73";"Cartagena";"Los Belones";"24";"19/07/17";"10,00";"1.121,00";"259,45"
"CA73";"Cartagena";"Los Belones";"24";"20/07/17";"11,00";"980,00";"314,93"
"CA73";"Cartagena";"Los Belones";"24";"21/07/17";"11,00";"1.017,00";"311,81"
"CA73";"Cartagena";"Los Belones";"24";"22/07/17";"11,00";"933,00";"306,35"
"CA73";"Cartagena";"Los Belones";"24";"23/07/17";"10,00";"903,00";"242,84"
"CA73";"Cartagena";"Los Belones";"24";"24/07/17";"11,00";"972,00";"311,20"
"CA73";"Cartagena";"Los Belones";"24";"25/07/17";"11,00";"1.245,00";"254,82"
"CA73";"Cartagena";"Los Belones";"24";"26/07/17";"11,00";"1.027,00";"300,36"
"CA73";"Cartagena";"Los Belones";"24";"27/07/17";"11,00";"930,00";"286,14"
"CA73";"Cartagena";"Los Belones";"24";"28/07/17";"11,00";"930,00";"296,99"
"CA73";"Cartagena";"Los Belones";"24";"29/07/17";"11,00";"928,00";"295,45"
"CA73";"Cartagena";"Los Belones";"24";"30/07/17";"11,00";"940,00";"299,48"
"CA73";"Cartagena";"Los Belones";"24";"31/07/17";"12,00";"1.039,00";"257,00"
"CA73";"Cartagena";"Los Belones";"24";"01/08/17";"10,00";"1.054,00";"181,64"
"CA73";"Cartagena";"Los Belones";"24";"02/08/17";"11,00";"942,00";"186,87"
"CA73";"Cartagena";"Los Belones";"24";"03/08/17";"11,00";"898,00";"278,58"
"CA73";"Cartagena";"Los Belones";"24";"04/08/17";"11,00";"898,00";"282,81"
"CA73";"Cartagena";"Los Belones";"24";"05/08/17";"11,00";"898,00";"282,65"
"CA73";"Cartagena";"Los Belones";"24";"06/08/17";"11,00";"1.111,00";"256,48"
"CA73";"Cartagena";"Los Belones";"24";"07/08/17";"11,00";"1.069,00";"230,52"
"CA73";"Cartagena";"Los Belones";"24";"08/08/17";"10,00";"1.007,00";"226,76"
"CA73";"Cartagena";"Los Belones";"24";"09/08/17";"10,00";"1.081,00";"216,39"
"CA73";"Cartagena";"Los Belones";"24";"10/08/17";"7,00";"765,00";"79,43"
"CA73";"Cartagena";"Los Belones";"24";"11/08/17";"11,00";"921,00";"285,43"
"CA73";"Cartagena";"Los Belones";"24";"12/08/17";"11,00";"978,00";"284,21"
"CA73";"Cartagena";"Los Belones";"24";"13/08/17";"10,00";"1.030,00";"238,87"
"CA73";"Cartagena";"Los Belones";"24";"14/08/17";"10,00";"978,00";"227,69"
"CA73";"Cartagena";"Los Belones";"24";"15/08/17";"10,00";"1.042,00";"184,46"
"CA73";"Cartagena";"Los Belones";"24";"16/08/17";"10,00";"977,00";"252,73"
"CA73";"Cartagena";"Los Belones";"24";"17/08/17";"10,00";"987,00";"217,57"
"CA73";"Cartagena";"Los Belones";"24";"18/08/17";"11,00";"1.019,00";"249,74"
"CA73";"Cartagena";"Los Belones";"24";"19/08/17";"10,00";"1.106,00";"218,89"
"CA73";"Cartagena";"Los Belones";"24";"20/08/17";"11,00";"1.124,00";"203,02"
"CA73";"Cartagena";"Los Belones";"24";"21/08/17";"10,00";"1.104,00";"207,62"
"CA73";"Cartagena";"Los Belones";"24";"22/08/17";"11,00";"881,00";"267,58"
"CA73";"Cartagena";"Los Belones";"24";"23/08/17";"11,00";"878,00";"264,93"
"CA73";"Cartagena";"Los Belones";"24";"24/08/17";"10,00";"901,00";"254,95"
"CA73";"Cartagena";"Los Belones";"24";"25/08/17";"10,00";"988,00";"199,18"
"CA73";"Cartagena";"Los Belones";"24";"26/08/17";"10,00";"965,00";"238,14"
"CA73";"Cartagena";"Los Belones";"24";"27/08/17";"8,00";"982,00";"134,35"
"CA73";"Cartagena";"Los Belones";"24";"28/08/17";"7,00";"871,00";"85,65"
"CA73";"Cartagena";"Los Belones";"24";"29/08/17";"5,00";"1.070,00";"96,74"
"CA73";"Cartagena";"Los Belones";"24";"30/08/17";"6,00";"1.126,00";"109,12"
"CA73";"Cartagena";"Los Belones";"24";"31/08/17";"9,00";"1.114,00";"155,77"
"CA73";"Cartagena";"Los Belones";"24";"01/09/17";"10,00";"1.037,00";"219,76"
"CA73";"Cartagena";"Los Belones";"24";"02/09/17";"8,00";"1.186,00";"193,47"
"CA73";"Cartagena";"Los Belones";"24";"03/09/17";"10,00";"970,00";"232,48"
"CA73";"Cartagena";"Los Belones";"24";"04/09/17";"10,00";"854,00";"253,49"
"CA73";"Cartagena";"Los Belones";"24";"05/09/17";"9,00";"972,00";"249,66"
"CA73";"Cartagena";"Los Belones";"24";"06/09/17";"9,00";"985,00";"229,68"
"CA73";"Cartagena";"Los Belones";"24";"07/09/17";"8,00";"983,00";"187,75"
"CA73";"Cartagena";"Los Belones";"24";"08/09/17";"9,00";"787,00";"224,01"
"CA73";"Cartagena";"Los Belones";"24";"09/09/17";"9,00";"1.037,00";"143,98"
"CA73";"Cartagena";"Los Belones";"24";"10/09/17";"9,00";"893,00";"261,81"
"CA73";"Cartagena";"Los Belones";"24";"11/09/17";"9,00";"864,00";"254,32"
"CA73";"Cartagena";"Los Belones";"24";"12/09/17";"9,00";"866,00";"251,88"
"CA73";"Cartagena";"Los Belones";"24";"13/09/17";"9,00";"844,00";"243,81"
"CA73";"Cartagena";"Los Belones";"24";"14/09/17";"9,00";"851,00";"246,93"
"CA73";"Cartagena";"Los Belones";"24";"15/09/17";"9,00";"967,00";"187,83"
"CA73";"Cartagena";"Los Belones";"24";"16/09/17";"9,00";"1.107,00";"165,41"
"CA73";"Cartagena";"Los Belones";"24";"17/09/17";"9,00";"1.052,00";"194,38"
"CA73";"Cartagena";"Los Belones";"24";"18/09/17";"9,00";"824,00";"236,85"
"CA73";"Cartagena";"Los Belones";"24";"19/09/17";"9,00";"834,00";"223,57"
"CA73";"Cartagena";"Los Belones";"24";"20/09/17";"9,00";"866,00";"230,08"
"CA73";"Cartagena";"Los Belones";"24";"21/09/17";"9,00";"933,00";"227,73"
"CA73";"Cartagena";"Los Belones";"24";"22/09/17";"9,00";"1.010,00";"147,42"
"CA73";"Cartagena";"Los Belones";"24";"23/09/17";"8,00";"849,00";"179,75"
"CA73";"Cartagena";"Los Belones";"24";"24/09/17";"9,00";"796,90";"226,27"
"CA73";"Cartagena";"Los Belones";"24";"25/09/17";"9,00";"779,60";"221,99"
"CA73";"Cartagena";"Los Belones";"24";"26/09/17";"9,00";"978,00";"159,71"
"CA73";"Cartagena";"Los Belones";"24";"27/09/17";"6,00";"911,00";"112,60"
"CA73";"Cartagena";"Los Belones";"24";"28/09/17";"9,00";"933,00";"178,40"
"CA73";"Cartagena";"Los Belones";"24";"29/09/17";"8,00";"1.012,00";"164,51"
"CA73";"Cartagena";"Los Belones";"24";"30/09/17";"9,00";"886,00";"184,58"
"CA73";"Cartagena";"Los Belones";"24";"01/10/17";"8,00";"636,20";"133,68"
"CA73";"Cartagena";"Los Belones";"24";"02/10/17";"8,00";"928,00";"169,63"
"CA73";"Cartagena";"Los Belones";"24";"03/10/17";"10,00";"866,00";"192,24"
"CA73";"Cartagena";"Los Belones";"24";"04/10/17";"8,00";"973,00";"144,20"
"CA73";"Cartagena";"Los Belones";"24";"05/10/17";"10,00";"978,00";"196,25"
"CA73";"Cartagena";"Los Belones";"24";"06/10/17";"10,00";"740,00";"196,96"
"CA73";"Cartagena";"Los Belones";"24";"07/10/17";"10,00";"894,00";"134,17"
"CA73";"Cartagena";"Los Belones";"24";"08/10/17";"10,00";"859,00";"204,18"
"CA73";"Cartagena";"Los Belones";"24";"09/10/17";"9,00";"814,00";"192,92"
"CA73";"Cartagena";"Los Belones";"24";"10/10/17";"10,00";"859,00";"150,04"
"CA73";"Cartagena";"Los Belones";"24";"11/10/17";"10,00";"841,00";"196,03"
"CA73";"Cartagena";"Los Belones";"24";"12/10/17";"9,00";"688,00";"188,40"
"CA73";"Cartagena";"Los Belones";"24";"13/10/17";"9,00";"680,40";"185,60"
"CA73";"Cartagena";"Los Belones";"24";"14/10/17";"8,00";"884,00";"167,57"
"CA73";"Cartagena";"Los Belones";"24";"15/10/17";"9,00";"936,00";"157,30"
"CA73";"Cartagena";"Los Belones";"24";"16/10/17";"9,00";"849,00";"158,07"
"CA73";"Cartagena";"Los Belones";"24";"17/10/17";"9,00";"782,10";"136,77"
"CA73";"Cartagena";"Los Belones";"24";"18/10/17";"6,00";"820,00";"87,33"
"CA73";"Cartagena";"Los Belones";"24";"19/10/17";"8,00";"779,80";"167,49"
"CA73";"Cartagena";"Los Belones";"24";"20/10/17";"9,00";"688,10";"187,15"
"CA73";"Cartagena";"Los Belones";"24";"21/10/17";"9,00";"680,60";"184,86"
"CA73";"Cartagena";"Los Belones";"24";"22/10/17";"8,00";"874,00";"120,92"
"CA73";"Cartagena";"Los Belones";"24";"23/10/17";"8,00";"815,00";"89,31"
"CA73";"Cartagena";"Los Belones";"24";"24/10/17";"9,00";"683,10";"178,88"
"CA73";"Cartagena";"Los Belones";"24";"25/10/17";"9,00";"670,70";"180,62"
"CA73";"Cartagena";"Los Belones";"24";"26/10/17";"9,00";"668,20";"179,10"
"CA73";"Cartagena";"Los Belones";"24";"27/10/17";"9,00";"670,70";"179,88"
"CA73";"Cartagena";"Los Belones";"24";"28/10/17";"9,00";"832,00";"177,50"
"CA73";"Cartagena";"Los Belones";"24";"29/10/17";"9,00";"779,60";"173,55"
"CA73";"Cartagena";"Los Belones";"24";"30/10/17";"9,00";"760,00";"151,66"
"CA73";"Cartagena";"Los Belones";"24";"31/10/17";"6,00";"929,00";"87,82"
"CA73";"Cartagena";"Los Belones";"24";"01/11/17";"8,00";"769,80";"161,79"
"CA73";"Cartagena";"Los Belones";"24";"02/11/17";"8,00";"842,00";"105,54"
"CA73";"Cartagena";"Los Belones";"24";"03/11/17";"7,00";"663,60";"79,72"
"CA73";"Cartagena";"Los Belones";"24";"04/11/17";"8,00";"834,00";"98,78"
"CA73";"Cartagena";"Los Belones";"24";"05/11/17";"9,00";"626,30";"158,01"
"CA73";"Cartagena";"Los Belones";"24";"06/11/17";"9,00";"626,50";"162,08"
"CA73";"Cartagena";"Los Belones";"24";"07/11/17";"9,00";"639,00";"162,50"
"CA73";"Cartagena";"Los Belones";"24";"08/11/17";"8,00";"611,50";"155,92"
"CA73";"Cartagena";"Los Belones";"24";"09/11/17";"8,00";"611,80";"150,59"
"CA73";"Cartagena";"Los Belones";"24";"10/11/17";"8,00";"604,30";"154,05"
"CA73";"Cartagena";"Los Belones";"24";"11/11/17";"8,00";"591,80";"150,85"
"CA73";"Cartagena";"Los Belones";"24";"12/11/17";"8,00";"601,50";"151,92"
"CA73";"Cartagena";"Los Belones";"24";"13/11/17";"8,00";"594,20";"149,05"
"CA73";"Cartagena";"Los Belones";"24";"14/11/17";"8,00";"666,10";"145,44"
"CA73";"Cartagena";"Los Belones";"24";"15/11/17";"8,00";"720,50";"150,04"
"CA73";"Cartagena";"Los Belones";"24";"16/11/17";"8,00";"636,40";"140,68"
"CA73";"Cartagena";"Los Belones";"24";"17/11/17";"8,00";"700,90";"112,33"
"CA73";"Cartagena";"Los Belones";"24";"18/11/17";"8,00";"661,20";"135,81"
"CA73";"Cartagena";"Los Belones";"24";"19/11/17";"8,00";"576,90";"138,77"
"CA73";"Cartagena";"Los Belones";"24";"20/11/17";"8,00";"559,60";"135,24"
"CA73";"Cartagena";"Los Belones";"24";"21/11/17";"8,00";"564,50";"139,83"
"CA73";"Cartagena";"Los Belones";"24";"22/11/17";"8,00";"673,80";"125,44"
"CA73";"Cartagena";"Los Belones";"24";"23/11/17";"8,00";"552,20";"126,26"
"CA73";"Cartagena";"Los Belones";"24";"24/11/17";"8,00";"557,10";"129,64"
"CA73";"Cartagena";"Los Belones";"24";"25/11/17";"6,00";"473,10";"55,83"
"CA73";"Cartagena";"Los Belones";"24";"26/11/17";"8,00";"611,70";"121,29"
"CA73";"Cartagena";"Los Belones";"24";"27/11/17";"6,00";"611,80";"89,39"
"CA73";"Cartagena";"Los Belones";"24";"28/11/17";"5,00";"379,00";"48,38"
"CA73";"Cartagena";"Los Belones";"24";"29/11/17";"3,00";"730,80";"34,31"
"CA73";"Cartagena";"Los Belones";"24";"30/11/17";"3,00";"359,30";"32,58"
"CA73";"Cartagena";"Los Belones";"24";"01/12/17";"8,00";"542,50";"129,91"
"CA73";"Cartagena";"Los Belones";"24";"02/12/17";"8,00";"547,60";"130,67"
"CA73";"Cartagena";"Los Belones";"24";"03/12/17";"8,00";"537,70";"128,32"
"CA73";"Cartagena";"Los Belones";"24";"04/12/17";"8,00";"527,60";"126,05"
"CA73";"Cartagena";"Los Belones";"24";"05/12/17";"8,00";"517,70";"123,33"
"CA73";"Cartagena";"Los Belones";"24";"06/12/17";"7,00";"715,90";"104,11"
"CA73";"Cartagena";"Los Belones";"24";"07/12/17";"7,00";"604,40";"92,97"
"CA73";"Cartagena";"Los Belones";"24";"08/12/17";"8,00";"676,20";"103,44"
"CA73";"Cartagena";"Los Belones";"24";"09/12/17";"5,00";"582,00";"67,41"
"CA73";"Cartagena";"Los Belones";"24";"10/12/17";"7,00";"574,50";"106,35"
"CA73";"Cartagena";"Los Belones";"24";"11/12/17";"0,00";"126,40";"15,30"
"CA73";"Cartagena";"Los Belones";"24";"12/12/17";"8,00";"507,80";"117,21"
"CA73";"Cartagena";"Los Belones";"24";"13/12/17";"8,00";"520,10";"122,76"
"CA73";"Cartagena";"Los Belones";"24";"14/12/17";"7,00";"535,10";"102,66"
"CA73";"Cartagena";"Los Belones";"24";"15/12/17";"7,00";"591,80";"104,01"
"CA73";"Cartagena";"Los Belones";"24";"16/12/17";"8,00";"512,80";"120,60"
"CA73";"Cartagena";"Los Belones";"24";"17/12/17";"8,00";"502,90";"117,46"
"CA73";"Cartagena";"Los Belones";"24";"18/12/17";"8,00";"517,70";"117,74"
"CA73";"Cartagena";"Los Belones";"24";"19/12/17";"8,00";"720,90";"105,96"
"CA73";"Cartagena";"Los Belones";"24";"20/12/17";"6,00";"527,80";"88,38"
"CA73";"Cartagena";"Los Belones";"24";"21/12/17";"7,00";"681,20";"109,79"
"CA73";"Cartagena";"Los Belones";"24";"22/12/17";"8,00";"497,90";"115,76"
"CA73";"Cartagena";"Los Belones";"24";"23/12/17";"8,00";"542,30";"113,44"
"CA73";"Cartagena";"Los Belones";"24";"24/12/17";"7,00";"646,50";"77,10"
"CA73";"Cartagena";"Los Belones";"24";"25/12/17";"8,00";"564,80";"102,19"
"CA73";"Cartagena";"Los Belones";"24";"26/12/17";"7,00";"596,90";"96,72"
"CA73";"Cartagena";"Los Belones";"24";"27/12/17";"6,00";"671,20";"75,17"
"CA73";"Cartagena";"Los Belones";"24";"28/12/17";"8,00";"666,10";"91,34"
"CA73";"Cartagena";"Los Belones";"24";"29/12/17";"8,00";"562,00";"114,09"
"CA73";"Cartagena";"Los Belones";"24";"30/12/17";"8,00";"497,70";"117,26"
"CA73";"Cartagena";"Los Belones";"24";"31/12/17";"6,00";"646,50";"76,75"
"CA73";"Cartagena";"Los Belones";"24";"01/01/18";"8,00";"527,50";"120,96"
"CA73";"Cartagena";"Los Belones";"24";"02/01/18";"8,00";"512,60";"120,20"
"CA73";"Cartagena";"Los Belones";"24";"03/01/18";"8,00";"522,30";"115,75"
"CA73";"Cartagena";"Los Belones";"24";"04/01/18";"8,00";"512,50";"121,17"
"CA73";"Cartagena";"Los Belones";"24";"05/01/18";"8,00";"532,40";"119,89"
"CA73";"Cartagena";"Los Belones";"24";"06/01/18";"6,00";"606,90";"61,08"
"CA73";"Cartagena";"Los Belones";"24";"07/01/18";"7,00";"574,70";"110,37"
"CA73";"Cartagena";"Los Belones";"24";"08/01/18";"8,00";"520,20";"118,75"
"CA73";"Cartagena";"Los Belones";"24";"09/01/18";"7,00";"616,80";"104,96"
"CA73";"Cartagena";"Los Belones";"24";"10/01/18";"7,00";"525,10";"118,02"
"CA73";"Cartagena";"Los Belones";"24";"11/01/18";"8,00";"636,60";"121,15"
"CA73";"Cartagena";"Los Belones";"24";"12/01/18";"8,00";"547,50";"131,99"
"CA73";"Cartagena";"Los Belones";"24";"13/01/18";"5,00";"720,90";"66,25"
"CA73";"Cartagena";"Los Belones";"24";"14/01/18";"7,00";"626,70";"104,91"
"CA73";"Cartagena";"Los Belones";"24";"15/01/18";"6,00";"830,00";"100,00"
"CA73";"Cartagena";"Los Belones";"24";"16/01/18";"8,00";"547,50";"133,65"
"CA73";"Cartagena";"Los Belones";"24";"17/01/18";"8,00";"567,10";"137,28"
"CA73";"Cartagena";"Los Belones";"24";"18/01/18";"8,00";"681,20";"97,10"
"CA73";"Cartagena";"Los Belones";"24";"19/01/18";"4,00";"237,90";"39,54"
"CA73";"Cartagena";"Los Belones";"24";"20/01/18";"8,00";"606,70";"128,76"
"CA73";"Cartagena";"Los Belones";"24";"21/01/18";"8,00";"562,00";"137,20"
"CA73";"Cartagena";"Los Belones";"24";"22/01/18";"8,00";"571,90";"141,00"
"CA73";"Cartagena";"Los Belones";"24";"23/01/18";"8,00";"572,00";"142,23"
"CA73";"Cartagena";"Los Belones";"24";"24/01/18";"8,00";"596,80";"140,90"
"CA73";"Cartagena";"Los Belones";"24";"25/01/18";"4,00";"537,60";"47,00"
"CA73";"Cartagena";"Los Belones";"24";"26/01/18";"8,00";"738,40";"94,56"
"CA73";"Cartagena";"Los Belones";"24";"27/01/18";"8,00";"842,00";"146,53"
"CA73";"Cartagena";"Los Belones";"24";"28/01/18";"8,00";"710,80";"124,31"
"CA73";"Cartagena";"Los Belones";"24";"29/01/18";"7,00";"800,00";"81,93"
"CA73";"Cartagena";"Los Belones";"24";"30/01/18";"6,00";"780,30";"62,03"
"CA73";"Cartagena";"Los Belones";"24";"31/01/18";"7,00";"740,70";"101,10"
"CA73";"Cartagena";"Los Belones";"24";"01/02/18";"8,00";"723,30";"109,26"
"CA73";"Cartagena";"Los Belones";"24";"02/02/18";"1,00";"240,50";"28,37"
"CA73";"Cartagena";"Los Belones";"24";"03/02/18";"9,00";"641,60";"165,93"
"CA73";"Cartagena";"Los Belones";"24";"04/02/18";"7,00";"661,50";"85,15"
"CA73";"Cartagena";"Los Belones";"24";"05/02/18";"6,00";"785,50";"84,57"
"CA73";"Cartagena";"Los Belones";"24";"06/02/18";"8,00";"735,70";"161,76"
"CA73";"Cartagena";"Los Belones";"24";"07/02/18";"9,00";"646,50";"167,85"
"CA73";"Cartagena";"Los Belones";"24";"08/02/18";"9,00";"740,70";"165,14"
"CA73";"Cartagena";"Los Belones";"24";"09/02/18";"9,00";"696,30";"171,52"
"CA73";"Cartagena";"Los Belones";"24";"10/02/18";"8,00";"1.033,00";"145,64"
"CA73";"Cartagena";"Los Belones";"24";"11/02/18";"9,00";"924,00";"167,81"
"CA73";"Cartagena";"Los Belones";"24";"12/02/18";"6,00";"805,00";"86,70"
"CA73";"Cartagena";"Los Belones";"24";"13/02/18";"9,00";"696,10";"180,20"
"CA73";"Cartagena";"Los Belones";"24";"14/02/18";"9,00";"671,10";"170,46"
"CA73";"Cartagena";"Los Belones";"24";"15/02/18";"9,00";"668,50";"179,50"
"CA73";"Cartagena";"Los Belones";"24";"16/02/18";"8,00";"807,00";"157,50"
"CA73";"Cartagena";"Los Belones";"24";"17/02/18";"9,00";"690,80";"183,56"
"CA73";"Cartagena";"Los Belones";"24";"18/02/18";"6,00";"691,10";"70,45"
"CA73";"Cartagena";"Los Belones";"24";"19/02/18";"8,00";"815,00";"138,63"
"CA73";"Cartagena";"Los Belones";"24";"20/02/18";"9,00";"799,80";"172,60"
"CA73";"Cartagena";"Los Belones";"24";"21/02/18";"7,00";"964,00";"94,93"
"CA73";"Cartagena";"Los Belones";"24";"22/02/18";"7,00";"934,00";"177,09"
"CA73";"Cartagena";"Los Belones";"24";"23/02/18";"9,00";"750,60";"191,29"
"CA73";"Cartagena";"Los Belones";"24";"24/02/18";"8,00";"924,00";"172,49"
"CA73";"Cartagena";"Los Belones";"24";"25/02/18";"9,00";"954,00";"186,94"
"CA73";"Cartagena";"Los Belones";"24";"26/02/18";"9,00";"755,10";"191,79"
"CA73";"Cartagena";"Los Belones";"24";"27/02/18";"5,00";"904,00";"52,89"
"CA73";"Cartagena";"Los Belones";"24";"28/02/18";"9,00";"869,00";"172,17"
"CA73";"Cartagena";"Los Belones";"24";"01/03/18";"9,00";"884,00";"118,34"
"CA73";"Cartagena";"Los Belones";"24";"02/03/18";"5,00";"919,00";"83,85"
"CA73";"Cartagena";"Los Belones";"24";"03/03/18";"5,00";"844,00";"95,22"
"CA73";"Cartagena";"Los Belones";"24";"04/03/18";"7,00";"959,00";"101,75"
"CA73";"Cartagena";"Los Belones";"24";"05/03/18";"8,00";"820,00";"87,35"
"CA73";"Cartagena";"Los Belones";"24";"06/03/18";"9,00";"879,00";"134,99"
"CA73";"Cartagena";"Los Belones";"24";"07/03/18";"10,00";"815,00";"215,39"
"CA73";"Cartagena";"Los Belones";"24";"08/03/18";"9,00";"969,00";"179,72"
"CA73";"Cartagena";"Los Belones";"24";"09/03/18";"10,00";"844,00";"228,94"
"CA73";"Cartagena";"Los Belones";"24";"10/03/18";"9,00";"955,00";"207,84"
"CA73";"Cartagena";"Los Belones";"24";"11/03/18";"9,00";"1.047,00";"214,21"
"CA73";"Cartagena";"Los Belones";"24";"12/03/18";"10,00";"830,00";"231,91"
"CA73";"Cartagena";"Los Belones";"24";"13/03/18";"10,00";"884,00";"187,87"
"CA73";"Cartagena";"Los Belones";"24";"14/03/18";"9,00";"916,00";"163,32"
"CA73";"Cartagena";"Los Belones";"24";"15/03/18";"8,00";"448,40";"60,38"
"CA73";"Cartagena";"Los Belones";"24";"16/03/18";"9,00";"949,00";"163,09"
"CA73";"Cartagena";"Los Belones";"24";"17/03/18";"9,00";"812,00";"152,65"
"CA73";"Cartagena";"Los Belones";"24";"18/03/18";"9,00";"983,00";"114,85"
"CA73";"Cartagena";"Los Belones";"24";"19/03/18";"8,00";"1.003,00";"183,78"
"CA73";"Cartagena";"Los Belones";"24";"20/03/18";"10,00";"1.038,00";"236,28"
"CA73";"Cartagena";"Los Belones";"24";"21/03/18";"10,00";"874,00";"239,69"
"CA73";"Cartagena";"Los Belones";"24";"22/03/18";"9,00";"884,00";"251,36"
"CA73";"Cartagena";"Los Belones";"24";"23/03/18";"10,00";"1.018,00";"226,66"
"CA73";"Cartagena";"Los Belones";"24";"24/03/18";"10,00";"914,00";"250,98"
"CA73";"Cartagena";"Los Belones";"24";"25/03/18";"9,00";"1.097,00";"189,79"
"CA73";"Cartagena";"Los Belones";"24";"26/03/18";"10,00";"1.032,00";"232,63"
"CA73";"Cartagena";"Los Belones";"24";"27/03/18";"9,00";"889,00";"255,30"
"CA73";"Cartagena";"Los Belones";"24";"28/03/18";"9,00";"904,00";"261,19"
"CA73";"Cartagena";"Los Belones";"24";"29/03/18";"10,00";"960,00";"232,11"
"CA73";"Cartagena";"Los Belones";"24";"30/03/18";"8,00";"909,00";"233,52"
"CA73";"Cartagena";"Los Belones";"24";"31/03/18";"9,00";"1.087,00";"261,14"
"CA73";"Cartagena";"Los Belones";"24";"01/04/18";"10,00";"911,00";"268,86"
"CA73";"Cartagena";"Los Belones";"24";"02/04/18";"10,00";"949,00";"178,89"
"CA73";"Cartagena";"Los Belones";"24";"03/04/18";"10,00";"968,00";"255,20"
"CA73";"Cartagena";"Los Belones";"24";"04/04/18";"9,00";"921,00";"271,69"
"CA73";"Cartagena";"Los Belones";"24";"05/04/18";"10,00";"938,00";"271,52"
"CA73";"Cartagena";"Los Belones";"24";"06/04/18";"10,00";"914,00";"142,69"
"CA73";"Cartagena";"Los Belones";"24";"07/04/18";"9,00";"1.052,00";"161,79"
"CA73";"Cartagena";"Los Belones";"24";"08/04/18";"9,00";"1.330,00";"240,43"
"CA73";"Cartagena";"Los Belones";"24";"09/04/18";"11,00";"1.340,00";"213,96"
"CA73";"Cartagena";"Los Belones";"24";"10/04/18";"9,00";"966,00";"203,73"
"CA73";"Cartagena";"Los Belones";"24";"11/04/18";"11,00";"1.149,00";"241,27"
"CA73";"Cartagena";"Los Belones";"24";"12/04/18";"11,00";"1.072,00";"260,01"
"CA73";"Cartagena";"Los Belones";"24";"13/04/18";"10,00";"988,00";"224,77"
"CA73";"Cartagena";"Los Belones";"24";"14/04/18";"10,00";"1.094,00";"235,19"
"CA73";"Cartagena";"Los Belones";"24";"15/04/18";"11,00";"953,00";"279,32"
"CA73";"Cartagena";"Los Belones";"24";"16/04/18";"11,00";"1.121,00";"258,58"
"CA73";"Cartagena";"Los Belones";"24";"17/04/18";"11,00";"936,00";"288,45"
"CA73";"Cartagena";"Los Belones";"24";"18/04/18";"11,00";"958,00";"291,34"
"CA73";"Cartagena";"Los Belones";"24";"19/04/18";"10,00";"1.154,00";"146,32"
"CA73";"Cartagena";"Los Belones";"24";"20/04/18";"7,00";"1.251,00";"96,55"
"CA73";"Cartagena";"Los Belones";"24";"21/04/18";"10,00";"1.028,00";"229,27"
"CA73";"Cartagena";"Los Belones";"24";"22/04/18";"10,00";"899,00";"264,30"
"CA73";"Cartagena";"Los Belones";"24";"23/04/18";"10,00";"963,00";"262,37"
"CA73";"Cartagena";"Los Belones";"24";"24/04/18";"11,00";"918,00";"281,95"
"CA73";"Cartagena";"Los Belones";"24";"25/04/18";"7,00";"725,70";"86,02"
"CA73";"Cartagena";"Los Belones";"24";"26/04/18";"5,00";"1.265,00";"81,05"
"CA73";"Cartagena";"Los Belones";"24";"27/04/18";"10,00";"931,00";"253,15"
"CA73";"Cartagena";"Los Belones";"24";"28/04/18";"11,00";"978,00";"304,07"
"CA73";"Cartagena";"Los Belones";"24";"29/04/18";"11,00";"1.003,00";"316,04"
"CA73";"Cartagena";"Los Belones";"24";"30/04/18";"11,00";"1.178,00";"307,51"
"CA73";"Cartagena";"Los Belones";"24";"01/05/18";"11,00";"1.139,00";"278,59"
"CA73";"Cartagena";"Los Belones";"24";"02/05/18";"11,00";"1.111,00";"287,09"
"CA73";"Cartagena";"Los Belones";"24";"03/05/18";"11,00";"1.124,00";"305,31"
"CA73";"Cartagena";"Los Belones";"24";"04/05/18";"11,00";"1.221,00";"277,22"
"CA73";"Cartagena";"Los Belones";"24";"05/05/18";"11,00";"1.262,00";"299,57"
"CA73";"Cartagena";"Los Belones";"24";"06/05/18";"11,00";"975,00";"301,68"
"CA73";"Cartagena";"Los Belones";"24";"07/05/18";"11,00";"1.206,00";"309,06"
"CA73";"Cartagena";"Los Belones";"24";"08/05/18";"11,00";"968,00";"286,15"
"CA73";"Cartagena";"Los Belones";"24";"09/05/18";"10,00";"978,00";"292,03"
"CA73";"Cartagena";"Los Belones";"24";"10/05/18";"10,00";"1.102,00";"179,12"
"CA73";"Cartagena";"Los Belones";"24";"11/05/18";"10,00";"1.129,00";"256,74"
"CA73";"Cartagena";"Los Belones";"24";"12/05/18";"10,00";"1.174,00";"261,65"
"CA73";"Cartagena";"Los Belones";"24";"13/05/18";"11,00";"1.191,00";"281,10"
"CA73";"Cartagena";"Los Belones";"24";"14/05/18";"11,00";"1.205,00";"297,13"
"CA73";"Cartagena";"Los Belones";"24";"15/05/18";"10,00";"1.218,00";"276,31"
"CA73";"Cartagena";"Los Belones";"24";"16/05/18";"11,00";"1.045,00";"320,82"
"CA73";"Cartagena";"Los Belones";"24";"17/05/18";"10,00";"1.275,00";"167,18"
"CA73";"Cartagena";"Los Belones";"24";"18/05/18";"11,00";"1.270,00";"310,23"
"CA73";"Cartagena";"Los Belones";"24";"19/05/18";"11,00";"1.230,00";"273,59"
"CA73";"Cartagena";"Los Belones";"24";"20/05/18";"10,00";"1.391,00";"262,73"
"CA73";"Cartagena";"Los Belones";"24";"21/05/18";"11,00";"995,00";"321,46"
"CA73";"Cartagena";"Los Belones";"24";"22/05/18";"11,00";"1.000,00";"324,86"
"CA73";"Cartagena";"Los Belones";"24";"23/05/18";"11,00";"1.186,00";"299,45"
"CA73";"Cartagena";"Los Belones";"24";"24/05/18";"10,00";"1.255,00";"246,37"
"CA73";"Cartagena";"Los Belones";"24";"25/05/18";"10,00";"953,00";"297,25"
"CA73";"Cartagena";"Los Belones";"24";"26/05/18";"11,00";"1.067,00";"314,77"
"CA73";"Cartagena";"Los Belones";"24";"27/05/18";"11,00";"1.265,00";"288,66"
"CA73";"Cartagena";"Los Belones";"24";"28/05/18";"11,00";"1.010,00";"322,07"
"CA73";"Cartagena";"Los Belones";"24";"29/05/18";"11,00";"1.299,00";"233,97"
"CA73";"Cartagena";"Los Belones";"24";"30/05/18";"11,00";"1.104,00";"322,39"
"CA73";"Cartagena";"Los Belones";"24";"31/05/18";"11,00";"992,00";"332,89"
"CA73";"Cartagena";"Los Belones";"24";"01/06/18";"12,00";"1.131,00";"316,20"
"CA73";"Cartagena";"Los Belones";"24";"02/06/18";"10,00";"1.419,00";"140,89"
"CA73";"Cartagena";"Los Belones";"24";"03/06/18";"11,00";"1.314,00";"329,05"
"CA73";"Cartagena";"Los Belones";"24";"04/06/18";"11,00";"1.002,00";"336,12"
"CA73";"Cartagena";"Los Belones";"24";"05/06/18";"11,00";"1.445,00";"212,22"
"CA73";"Cartagena";"Los Belones";"24";"06/06/18";"9,00";"1.314,00";"260,25"
"CA73";"Cartagena";"Los Belones";"24";"07/06/18";"11,00";"1.074,00";"337,95"
"CA73";"Cartagena";"Los Belones";"24";"08/06/18";"11,00";"1.077,00";"338,83"
"CA73";"Cartagena";"Los Belones";"24";"09/06/18";"10,00";"1.022,00";"212,18"
"CA73";"Cartagena";"Los Belones";"24";"10/06/18";"11,00";"1.198,00";"311,92"
"CA73";"Cartagena";"Los Belones";"24";"11/06/18";"11,00";"970,00";"328,69"
"CA73";"Cartagena";"Los Belones";"24";"12/06/18";"11,00";"973,00";"323,95"
"CA73";"Cartagena";"Los Belones";"24";"13/06/18";"11,00";"965,00";"323,84"
"CA73";"Cartagena";"Los Belones";"24";"14/06/18";"11,00";"965,00";"329,88"
"CA73";"Cartagena";"Los Belones";"24";"15/06/18";"11,00";"963,00";"332,01"
"CA73";"Cartagena";"Los Belones";"24";"16/06/18";"11,00";"955,00";"330,72"
"CA73";"Cartagena";"Los Belones";"24";"17/06/18";"11,00";"950,00";"327,50"
"CA73";"Cartagena";"Los Belones";"24";"18/06/18";"11,00";"957,00";"331,91"
"CA73";"Cartagena";"Los Belones";"24";"19/06/18";"11,00";"957,00";"330,77"
"CA73";"Cartagena";"Los Belones";"24";"20/06/18";"11,00";"957,00";"332,58"
"CA73";"Cartagena";"Los Belones";"24";"21/06/18";"11,00";"970,00";"323,37"
"CA73";"Cartagena";"Los Belones";"24";"22/06/18";"11,00";"962,00";"328,76"
"CA73";"Cartagena";"Los Belones";"24";"23/06/18";"11,00";"952,00";"324,96"
"CA73";"Cartagena";"Los Belones";"24";"24/06/18";"12,00";"925,00";"314,41"
"CA73";"Cartagena";"Los Belones";"24";"25/06/18";"12,00";"935,00";"309,65"
"CA73";"Cartagena";"Los Belones";"24";"26/06/18";"12,00";"940,00";"313,03"
"CA73";"Cartagena";"Los Belones";"24";"27/06/18";"11,00";"948,00";"316,61"
"CA73";"Cartagena";"Los Belones";"24";"28/06/18";"12,00";"1.082,00";"272,63"
"CA73";"Cartagena";"Los Belones";"24";"29/06/18";"10,00";"995,00";"270,48"
"CA73";"Cartagena";"Los Belones";"24";"30/06/18";"10,00";"1.192,00";"289,27"
"CA73";"Cartagena";"Los Belones";"24";"01/07/18";"11,00";"972,00";"325,29"
"CA73";"Cartagena";"Los Belones";"24";"02/07/18";"11,00";"1.010,00";"343,27"
"CA73";"Cartagena";"Los Belones";"24";"03/07/18";"12,00";"945,00";"287,58"
"CA73";"Cartagena";"Los Belones";"24";"04/07/18";"11,00";"1.111,00";"271,60"
"CA73";"Cartagena";"Los Belones";"24";"05/07/18";"11,00";"992,00";"336,34"
"CA73";"Cartagena";"Los Belones";"24";"06/07/18";"12,00";"970,00";"324,55"
"CA73";"Cartagena";"Los Belones";"24";"07/07/18";"11,00";"1.062,00";"209,95"
"CA73";"Cartagena";"Los Belones";"24";"08/07/18";"11,00";"953,00";"309,86"
"CA73";"Cartagena";"Los Belones";"24";"09/07/18";"11,00";"990,00";"329,34"
"CA73";"Cartagena";"Los Belones";"24";"10/07/18";"11,00";"965,00";"320,91"
"CA73";"Cartagena";"Los Belones";"24";"11/07/18";"11,00";"1.027,00";"307,82"
"CA73";"Cartagena";"Los Belones";"24";"12/07/18";"11,00";"952,00";"309,96"
"CA73";"Cartagena";"Los Belones";"24";"13/07/18";"11,00";"1.002,00";"238,65"
"CA73";"Cartagena";"Los Belones";"24";"14/07/18";"11,00";"948,00";"314,02"
"CA73";"Cartagena";"Los Belones";"24";"15/07/18";"12,00";"1.054,00";"287,67"
"CA73";"Cartagena";"Los Belones";"24";"16/07/18";"11,00";"1.000,00";"328,65"
"CA73";"Cartagena";"Los Belones";"24";"17/07/18";"12,00";"928,00";"305,42"
"CA73";"Cartagena";"Los Belones";"24";"18/07/18";"11,00";"990,00";"269,03"
"CA73";"Cartagena";"Los Belones";"24";"19/07/18";"12,00";"868,00";"265,95"
"CA73";"Cartagena";"Los Belones";"24";"20/07/18";"10,00";"978,00";"217,60"
"CA73";"Cartagena";"Los Belones";"24";"21/07/18";"11,00";"1.150,00";"259,54"
"CA73";"Cartagena";"Los Belones";"24";"22/07/18";"10,00";"1.096,00";"216,29"
"CA73";"Cartagena";"Los Belones";"24";"23/07/18";"11,00";"1.042,00";"287,39"
"CA73";"Cartagena";"Los Belones";"24";"24/07/18";"11,00";"972,00";"315,52"
"CA73";"Cartagena";"Los Belones";"24";"25/07/18";"11,00";"1.250,00";"254,76"
"CA73";"Cartagena";"Los Belones";"24";"26/07/18";"11,00";"1.205,00";"290,45"
"CA73";"Cartagena";"Los Belones";"24";"27/07/18";"11,00";"967,00";"307,46"
"CA73";"Cartagena";"Los Belones";"24";"28/07/18";"11,00";"967,00";"313,79"
"CA73";"Cartagena";"Los Belones";"24";"29/07/18";"11,00";"960,00";"298,75"
"CA73";"Cartagena";"Los Belones";"24";"30/07/18";"11,00";"950,00";"305,08"
"CA73";"Cartagena";"Los Belones";"24";"31/07/18";"10,00";"945,00";"292,18"
"CA73";"Cartagena";"Los Belones";"24";"01/08/18";"10,00";"1.039,00";"287,20"
"CA73";"Cartagena";"Los Belones";"24";"02/08/18";"10,00";"1.079,00";"271,20"
"CA73";"Cartagena";"Los Belones";"24";"03/08/18";"11,00";"920,00";"292,73"
"CA73";"Cartagena";"Los Belones";"24";"04/08/18";"11,00";"947,00";"291,29"
"CA73";"Cartagena";"Los Belones";"24";"05/08/18";"11,00";"900,00";"287,15"
"CA73";"Cartagena";"Los Belones";"24";"06/08/18";"12,00";"895,00";"295,96"
"CA73";"Cartagena";"Los Belones";"24";"07/08/18";"11,00";"896,00";"278,48"
"CA73";"Cartagena";"Los Belones";"24";"08/08/18";"11,00";"1.037,00";"261,37"
"CA73";"Cartagena";"Los Belones";"24";"09/08/18";"10,00";"1.024,00";"224,42"
"CA73";"Cartagena";"Los Belones";"24";"10/08/18";"11,00";"1.101,00";"221,86"
"CA73";"Cartagena";"Los Belones";"24";"11/08/18";"10,00";"883,00";"261,04"
"CA73";"Cartagena";"Los Belones";"24";"12/08/18";"11,00";"1.148,00";"252,72"
"CA73";"Cartagena";"Los Belones";"24";"13/08/18";"11,00";"1.153,00";"233,51"
"CA73";"Cartagena";"Los Belones";"24";"14/08/18";"10,00";"1.069,00";"247,81"
"CA73";"Cartagena";"Los Belones";"24";"15/08/18";"10,00";"1.017,00";"234,76"
"CA73";"Cartagena";"Los Belones";"24";"16/08/18";"10,00";"1.056,00";"247,88"
"CA73";"Cartagena";"Los Belones";"24";"17/08/18";"10,00";"1.145,00";"159,39"
"CA73";"Cartagena";"Los Belones";"24";"18/08/18";"10,00";"1.079,00";"224,02"
"CA73";"Cartagena";"Los Belones";"24";"19/08/18";"10,00";"1.069,00";"209,49"
"CA73";"Cartagena";"Los Belones";"24";"20/08/18";"11,00";"896,00";"275,83"
"CA73";"Cartagena";"Los Belones";"24";"21/08/18";"11,00";"888,00";"276,27"
"CA73";"Cartagena";"Los Belones";"24";"22/08/18";"11,00";"871,00";"270,88"
"CA73";"Cartagena";"Los Belones";"24";"23/08/18";"11,00";"878,00";"261,84"
"CA73";"Cartagena";"Los Belones";"24";"24/08/18";"10,00";"878,00";"268,14"
"CA73";"Cartagena";"Los Belones";"24";"25/08/18";"9,00";"901,00";"210,05"
"CA73";"Cartagena";"Los Belones";"24";"26/08/18";"10,00";"1.054,00";"227,65"
"CA73";"Cartagena";"Los Belones";"24";"27/08/18";"10,00";"1.047,00";"261,13"
"CA73";"Cartagena";"Los Belones";"24";"28/08/18";"10,00";"1.010,00";"200,32"
"CA73";"Cartagena";"Los Belones";"24";"29/08/18";"10,00";"873,00";"247,50"
"CA73";"Cartagena";"Los Belones";"24";"30/08/18";"10,00";"995,00";"232,08"
"CA73";"Cartagena";"Los Belones";"24";"31/08/18";"10,00";"1.042,00";"226,74"
"CA73";"Cartagena";"Los Belones";"24";"01/09/18";"10,00";"1.042,00";"220,12"
"CA73";"Cartagena";"Los Belones";"24";"02/09/18";"10,00";"957,00";"224,07"
"CA73";"Cartagena";"Los Belones";"24";"03/09/18";"10,00";"997,00";"182,73"
"CA73";"Cartagena";"Los Belones";"24";"04/09/18";"9,00";"992,00";"225,72"
"CA73";"Cartagena";"Los Belones";"24";"05/09/18";"9,00";"985,00";"240,35"
"CA73";"Cartagena";"Los Belones";"24";"06/09/18";"9,00";"861,00";"253,95"
"CA73";"Cartagena";"Los Belones";"24";"07/09/18";"9,00";"977,00";"239,58"
"CA73";"Cartagena";"Los Belones";"24";"08/09/18";"7,00";"1.152,00";"64,79"
"CA73";"Cartagena";"Los Belones";"24";"09/09/18";"5,00";"1.116,00";"71,41"
"CA73";"Cartagena";"Los Belones";"24";"10/09/18";"10,00";"1.094,00";"198,20"
"CA73";"Cartagena";"Los Belones";"24";"11/09/18";"9,00";"945,00";"150,64"
"CA73";"Cartagena";"Los Belones";"24";"12/09/18";"9,00";"1.012,00";"142,60"
"CA73";"Cartagena";"Los Belones";"24";"13/09/18";"9,00";"831,00";"217,82"
"CA73";"Cartagena";"Los Belones";"24";"14/09/18";"8,00";"1.056,00";"164,12"
"CA73";"Cartagena";"Los Belones";"24";"15/09/18";"7,00";"931,00";"114,44"
"CA73";"Cartagena";"Los Belones";"24";"16/09/18";"8,00";"1.057,00";"176,50"
"CA73";"Cartagena";"Los Belones";"24";"17/09/18";"9,00";"943,00";"100,39"
"CA73";"Cartagena";"Los Belones";"24";"18/09/18";"10,00";"1.002,00";"200,08"
"CA73";"Cartagena";"Los Belones";"24";"19/09/18";"9,00";"972,00";"186,06"
"CA73";"Cartagena";"Los Belones";"24";"20/09/18";"9,00";"953,00";"178,99"
"CA73";"Cartagena";"Los Belones";"24";"21/09/18";"9,00";"786,70";"226,73"
"CA73";"Cartagena";"Los Belones";"24";"22/09/18";"9,00";"804,00";"222,66"
"CA73";"Cartagena";"Los Belones";"24";"23/09/18";"9,00";"784,30";"225,10"
"CA73";"Cartagena";"Los Belones";"24";"24/09/18";"9,00";"771,80";"223,52"
"CA73";"Cartagena";"Los Belones";"24";"25/09/18";"9,00";"911,00";"165,12"
"CA73";"Cartagena";"Los Belones";"24";"26/09/18";"7,00";"1.121,00";"94,21"
"CA73";"Cartagena";"Los Belones";"24";"27/09/18";"9,00";"1.005,00";"212,56"
"CA73";"Cartagena";"Los Belones";"24";"28/09/18";"8,00";"978,00";"168,74"
"CA73";"Cartagena";"Los Belones";"24";"29/09/18";"9,00";"881,00";"207,56"
"CA73";"Cartagena";"Los Belones";"24";"30/09/18";"9,00";"911,00";"222,44"
"CA73";"Cartagena";"Los Belones";"24";"01/10/18";"9,00";"879,00";"135,54"
"CA73";"Cartagena";"Los Belones";"24";"02/10/18";"9,00";"891,00";"176,15"
"CA73";"Cartagena";"Los Belones";"24";"03/10/18";"9,00";"769,70";"212,97"
"CA73";"Cartagena";"Los Belones";"24";"04/10/18";"9,00";"819,00";"209,64"
"CA73";"Cartagena";"Los Belones";"24";"05/10/18";"9,00";"933,00";"182,41"
"CA73";"Cartagena";"Los Belones";"24";"06/10/18";"9,00";"740,00";"212,20"
"CA73";"Cartagena";"Los Belones";"24";"07/10/18";"8,00";"908,00";"156,16"
"CA73";"Cartagena";"Los Belones";"24";"08/10/18";"9,00";"968,00";"123,19"
"CA73";"Cartagena";"Los Belones";"24";"09/10/18";"7,00";"825,00";"76,01"
"CA73";"Cartagena";"Los Belones";"24";"10/10/18";"8,00";"998,00";"176,64"
"CA73";"Cartagena";"Los Belones";"24";"11/10/18";"9,00";"1.017,00";"149,86"
"CA73";"Cartagena";"Los Belones";"24";"12/10/18";"9,00";"896,00";"180,63"
"CA73";"Cartagena";"Los Belones";"24";"13/10/18";"9,00";"923,00";"125,17"
"CA73";"Cartagena";"Los Belones";"24";"14/10/18";"7,00";"886,00";"79,34"
"CA73";"Cartagena";"Los Belones";"24";"15/10/18";"10,00";"784,70";"172,17"
"CA73";"Cartagena";"Los Belones";"24";"16/10/18";"8,00";"941,00";"128,70"
"CA73";"Cartagena";"Los Belones";"24";"17/10/18";"9,00";"777,20";"189,62"
"CA73";"Cartagena";"Los Belones";"24";"18/10/18";"8,00";"953,00";"154,74"
"CA73";"Cartagena";"Los Belones";"24";"19/10/18";"8,00";"933,00";"173,85"
"CA73";"Cartagena";"Los Belones";"24";"20/10/18";"6,00";"829,00";"103,38"
"CA73";"Cartagena";"Los Belones";"24";"21/10/18";"8,00";"750,20";"77,05"
"CA73";"Cartagena";"Los Belones";"24";"22/10/18";"9,00";"697,90";"176,73"
"CA73";"Cartagena";"Los Belones";"24";"23/10/18";"7,00";"769,80";"91,86"
"CA73";"Cartagena";"Los Belones";"24";"24/10/18";"9,00";"675,70";"178,70"
"CA73";"Cartagena";"Los Belones";"24";"25/10/18";"9,00";"683,10";"181,91"
"CA73";"Cartagena";"Los Belones";"24";"26/10/18";"8,00";"715,40";"159,92"
"CA73";"Cartagena";"Los Belones";"24";"27/10/18";"5,00";"854,00";"65,21"
"CA73";"Cartagena";"Los Belones";"24";"28/10/18";"8,00";"755,50";"88,49"
"CA73";"Cartagena";"Los Belones";"24";"29/10/18";"8,00";"914,00";"135,41"
"CA73";"Cartagena";"Los Belones";"24";"30/10/18";"3,00";"502,80";"44,22"
"CA73";"Cartagena";"Los Belones";"24";"31/10/18";"9,00";"730,60";"159,04"
"CA73";"Cartagena";"Los Belones";"24";"01/11/18";"8,00";"653,80";"168,14"
"CA73";"Cartagena";"Los Belones";"24";"02/11/18";"6,00";"884,00";"71,32"
"CA73";"Cartagena";"Los Belones";"24";"03/11/18";"9,00";"643,80";"164,01"
"CA73";"Cartagena";"Los Belones";"24";"04/11/18";"9,00";"703,10";"162,16"
"CA73";"Cartagena";"Los Belones";"24";"05/11/18";"0,00";"175,90";"24,16"
"CA73";"Cartagena";"Los Belones";"24";"06/11/18";"9,00";"631,40";"163,64"
"CA73";"Cartagena";"Los Belones";"24";"07/11/18";"8,00";"618,90";"152,39"
"CA73";"Cartagena";"Los Belones";"24";"08/11/18";"6,00";"725,70";"58,95"
"CA73";"Cartagena";"Los Belones";"24";"09/11/18";"8,00";"656,20";"155,13"
"CA73";"Cartagena";"Los Belones";"24";"10/11/18";"8,00";"616,50";"148,74"
"CA73";"Cartagena";"Los Belones";"24";"11/11/18";"8,00";"737,70";"111,34"
"CA73";"Cartagena";"Los Belones";"24";"12/11/18";"7,00";"651,10";"110,24"
"CA73";"Cartagena";"Los Belones";"24";"13/11/18";"4,00";"651,30";"78,00"
"CA73";"Cartagena";"Los Belones";"24";"14/11/18";"4,00";"450,70";"40,53"
"CA73";"Cartagena";"Los Belones";"24";"15/11/18";"7,00";"810,00";"77,41"
"CA73";"Cartagena";"Los Belones";"24";"16/11/18";"6,00";"534,90";"58,50"
"CA73";"Cartagena";"Los Belones";"24";"17/11/18";"8,00";"715,70";"88,46"
"CA73";"Cartagena";"Los Belones";"24";"18/11/18";"7,00";"765,20";"64,85"
"CA73";"Cartagena";"Los Belones";"24";"19/11/18";"3,00";"235,40";"28,93"
"CA73";"Cartagena";"Los Belones";"24";"20/11/18";"7,00";"835,00";"90,21"
"CA73";"Cartagena";"Los Belones";"24";"21/11/18";"5,00";"492,90";"54,41"
"CA73";"Cartagena";"Los Belones";"24";"22/11/18";"6,00";"755,30";"75,29"
"CA73";"Cartagena";"Los Belones";"24";"23/11/18";"6,00";"755,40";"56,23"
"CA73";"Cartagena";"Los Belones";"24";"24/11/18";"6,00";"686,10";"87,83"
"CA73";"Cartagena";"Los Belones";"24";"25/11/18";"7,00";"586,80";"123,04"
"CA73";"Cartagena";"Los Belones";"24";"26/11/18";"7,00";"695,70";"123,67"
"CA73";"Cartagena";"Los Belones";"24";"27/11/18";"8,00";"586,80";"126,98"
"CA73";"Cartagena";"Los Belones";"24";"28/11/18";"8,00";"567,00";"127,20"
"CA73";"Cartagena";"Los Belones";"24";"29/11/18";"8,00";"537,30";"127,19"
"CA73";"Cartagena";"Los Belones";"24";"30/11/18";"8,00";"522,40";"126,21"
"CA73";"Cartagena";"Los Belones";"24";"01/12/18";"8,00";"534,80";"121,89"
"CA73";"Cartagena";"Los Belones";"24";"02/12/18";"7,00";"517,40";"115,07"
"CA73";"Cartagena";"Los Belones";"24";"03/12/18";"7,00";"517,30";"107,51"
"CA73";"Cartagena";"Los Belones";"24";"04/12/18";"8,00";"517,30";"123,47"
"CA73";"Cartagena";"Los Belones";"24";"05/12/18";"8,00";"519,90";"121,77"
"CA73";"Cartagena";"Los Belones";"24";"06/12/18";"8,00";"517,30";"122,39"
"CA73";"Cartagena";"Los Belones";"24";"07/12/18";"8,00";"616,50";"113,10"
"CA73";"Cartagena";"Los Belones";"24";"08/12/18";"7,00";"562,10";"106,06"
"CA73";"Cartagena";"Los Belones";"24";"09/12/18";"8,00";"512,60";"113,58"
"CA73";"Cartagena";"Los Belones";"24";"10/12/18";"8,00";"661,20";"99,70"
"CA73";"Cartagena";"Los Belones";"24";"11/12/18";"8,00";"639,00";"97,88"
"CA73";"Cartagena";"Los Belones";"24";"12/12/18";"8,00";"497,60";"116,47"
"CA73";"Cartagena";"Los Belones";"24";"13/12/18";"4,00";"772,80";"47,69"
"CA73";"Cartagena";"Los Belones";"24";"14/12/18";"7,00";"572,20";"110,32"
"CA73";"Cartagena";"Los Belones";"24";"15/12/18";"8,00";"512,50";"114,64"
"CA73";"Cartagena";"Los Belones";"24";"16/12/18";"8,00";"554,60";"118,40"
"CA73";"Cartagena";"Los Belones";"24";"17/12/18";"8,00";"522,60";"121,97"
"CA73";"Cartagena";"Los Belones";"24";"18/12/18";"8,00";"589,40";"118,06"
"CA73";"Cartagena";"Los Belones";"24";"19/12/18";"8,00";"596,80";"94,78"
"CA73";"Cartagena";"Los Belones";"24";"20/12/18";"5,00";"683,80";"91,91"
"CA73";"Cartagena";"Los Belones";"24";"21/12/18";"8,00";"502,60";"118,23"
"CA73";"Cartagena";"Los Belones";"24";"22/12/18";"8,00";"502,70";"118,00"
"CA73";"Cartagena";"Los Belones";"24";"23/12/18";"8,00";"502,60";"117,82"
"CA73";"Cartagena";"Los Belones";"24";"24/12/18";"7,00";"534,80";"111,46"
"CA73";"Cartagena";"Los Belones";"24";"25/12/18";"6,00";"574,60";"78,92"
"CA73";"Cartagena";"Los Belones";"24";"26/12/18";"7,00";"621,60";"92,75"
"CA73";"Cartagena";"Los Belones";"24";"27/12/18";"7,00";"577,10";"59,79"
"CA73";"Cartagena";"Los Belones";"24";"28/12/18";"7,00";"604,40";"88,62"
"CA73";"Cartagena";"Los Belones";"24";"29/12/18";"0,00";"166,00";"19,00"
"CA73";"Cartagena";"Los Belones";"24";"30/12/18";"8,00";"577,10";"113,95"
"CA73";"Cartagena";"Los Belones";"24";"31/12/18";"8,00";"512,50";"121,47"
